Chromosome,Start,End,Type,end-start
10,105577981,105580433,loss,2453
10,107446735,107447144,loss,410
10,107454040,107455514,loss,1475
10,103357688,103358220,loss,533
10,103499881,103500472,loss,592
10,104861848,104862251,loss,404
10,104936019,104936107,loss,89
10,105011383,105017854,loss,6472
10,107448329,107453708,loss,5380
10,103700643,103703050,loss,2408
11,44686374,44689631,loss,3258
11,44750968,44751176,loss,209
12,24242268,24242338,loss,71
12,40241017,40241113,loss,97
12,40422461,40422710,loss,250
12,40604298,40608073,loss,3776
12,40645564,40646415,loss,852
12,47845981,47846052,loss,72
12,47847065,47848939,loss,1875
12,50824331,50824540,loss,210
12,53358908,53365012,loss,6105
12,54596679,54602088,loss,5410
12,54623236,54623586,loss,351
12,74792132,74792534,loss,403
12,80446276,80456533,loss,10258
12,40600842,40602211,loss,1370
12,40608206,40638387,loss,30182
12,51014313,51015589,loss,1277
12,51546740,51551561,loss,4822
12,51556182,51556556,loss,375
12,52723239,52723373,loss,135
12,53837243,53837375,loss,133
12,54094605,54095848,loss,1244
12,54685897,54686205,loss,309
12,51553488,51555349,loss,1862
12,52531472,52531875,loss,404
12,52543281,52543503,loss,223
12,52803664,52804344,loss,681
12,55409338,55409884,loss,547
12,55467575,55467734,loss,160
12,61255569,61255969,loss,401
12,109874280,109874427,loss,148
13,46842251,46842541,loss,291
13,48367243,48367339,loss,97
13,48377569,48379308,loss,1740
13,48597440,48598640,loss,1201
13,48818154,48907101,loss,88948
13,62862667,62863164,loss,498
13,62911750,62919021,loss,7272
13,63518965,63520453,loss,1489
13,68625852,68626402,loss,551
13,69062993,69063322,loss,330
13,69980470,69998933,loss,18464
13,71335385,71335434,loss,50
13,106731890,106732362,loss,473
13,45731233,45731699,loss,467
13,47554386,47644754,loss,90369
13,48397387,48397437,loss,51
13,54298790,54299227,loss,438
13,62867438,62908458,loss,41021
13,62920134,62979513,loss,59380
13,62982658,62986071,loss,3414
13,63520689,63532845,loss,12157
13,64416187,64421165,loss,4979
13,67592401,67597038,loss,4638
13,68625391,68625464,loss,74
13,70791975,70800969,loss,8995
13,70871583,70874111,loss,2529
13,71309082,71334801,loss,25720
13,72733389,72733892,loss,504
13,73149376,73149893,loss,518
13,73220230,73221397,loss,1168
13,73831584,73832157,loss,574
13,48432481,48432569,loss,89
13,63341211,63341358,loss,148
13,64372411,64415638,loss,43228
13,64421495,64441153,loss,19659
13,67533349,67536785,loss,3437
13,67605984,67622715,loss,16732
13,68565286,68565738,loss,453
13,69068440,69089818,loss,21379
13,70007876,70009971,loss,2096
13,70384576,70390614,loss,6039
13,70802080,70870863,loss,68784
13,71930483,71931874,loss,1392
13,71948319,71949019,loss,701
13,72155338,72155635,loss,298
13,73249076,73323928,loss,74853
13,73832204,73834611,loss,2408
13,73973583,73973655,loss,73
14,82090892,82118221,loss,27330
14,82864313,82864918,loss,606
14,89880683,89882005,loss,1323
14,90082630,90084048,loss,1419
14,90660588,90661166,loss,579
14,92589462,92595108,loss,5647
14,93761750,93767054,loss,5305
14,94490508,94490664,loss,157
14,94884018,94890510,loss,6493
14,94902466,94904162,loss,1697
14,94914784,94916543,loss,1760
14,94950261,94951226,loss,966
14,99198647,99200063,loss,1417
14,99811598,99812518,loss,921
14,82069802,82090733,loss,20932
14,82488777,82488929,loss,153
14,82584753,82587422,loss,2670
14,82830582,82838328,loss,7747
14,89943009,89945759,loss,2751
14,90788374,90801631,loss,13258
14,91218265,91218346,loss,82
14,92595671,92611213,loss,15543
14,93769977,93770908,loss,932
14,94891336,94902023,loss,10688
14,94905912,94914743,loss,8832
14,94919170,94948776,loss,29607
14,61226481,61226573,loss,93
14,82489137,82582191,loss,93055
14,82595378,82596312,loss,935
14,82838459,82862515,loss,24057
14,95565715,95565951,loss,237
14,99953096,99954659,loss,1564
14,99671259,99671788,loss,530
15,38887120,38887225,loss,106
15,46147113,46160806,loss,13694
15,57314675,57316106,loss,1432
16,86223502,86223607,loss,106
16,86413560,86413765,loss,206
17,32983016,32984659,loss,1644
17,41426779,41430789,loss,4011
17,41692804,41695176,loss,2373
17,42645388,42647056,loss,1669
17,7989475,7989856,loss,382
17,29868044,29870617,loss,2574
17,30410953,30416376,loss,5424
17,30595729,30599194,loss,3466
17,32268820,32269483,loss,664
17,33539048,33540706,loss,1659
17,44285591,44289209,loss,3619
17,44311540,44312260,loss,721
17,44449352,44451836,loss,2485
17,44573819,44574961,loss,1143
17,46942365,46947037,loss,4673
17,82503158,82516833,loss,13676
17,82613253,82613629,loss,377
17,82645644,82646637,loss,994
18,54724343,54726513,loss,2171
18,78424554,78445915,loss,21362
18,78974830,78975000,loss,171
18,79256672,79276547,loss,19876
20,14418183,14418727,loss,545
20,15638693,15640717,loss,2025
20,16098361,16102622,loss,4262
20,20409755,20410529,loss,775
20,23877977,23878085,loss,109
20,23974154,23976257,loss,2104
20,24033190,24033580,loss,391
20,24205928,24209955,loss,4028
20,24507057,24509071,loss,2015
20,24695862,24696106,loss,245
20,24803240,24804140,loss,901
20,39410348,39413403,loss,3056
20,1500582,1507535,loss,6954
20,5752029,5756393,loss,4365
20,12726937,12727520,loss,584
20,14427081,14436713,loss,9633
20,15182862,15193795,loss,10934
20,15312445,15312712,loss,268
20,15454558,15455357,loss,800
20,15988345,15988432,loss,88
20,16104299,16107911,loss,3613
20,18101389,18102687,loss,1299
20,18637373,18637469,loss,97
21,15839803,15840069,loss,267
21,20973141,20973703,loss,563
21,21607552,21608555,loss,1004
21,23923855,23927374,loss,3520
21,24215936,24216026,loss,91
21,30267910,30270538,loss,2629
3,41085869,41086115,loss,247
3,44021137,44022441,loss,1305
3,44080528,44086631,loss,6104
3,44963071,44964878,loss,1808
3,54171823,54172049,loss,227
3,54230738,54231837,loss,1100
3,54310704,54312165,loss,1462
3,61141532,61142344,loss,813
3,95781594,95787783,loss,6190
3,98688460,98688542,loss,83
3,197806425,197812401,loss,5977
3,41052084,41085724,loss,33641
3,41088022,41103534,loss,15513
3,54169445,54171709,loss,2265
3,57407516,57407571,loss,56
3,80012628,80014572,loss,1945
4,111291686,111295645,loss,3960
4,133920528,133920869,loss,342
4,134701533,134702075,loss,543
4,137404075,137408839,loss,4765
4,138226508,138226578,loss,71
4,139675545,139676319,loss,775
4,143607475,143608364,loss,890
4,143822725,143822893,loss,169
4,132901275,132905774,loss,4500
4,134945939,134949353,loss,3415
4,136202077,136210283,loss,8207
4,136761120,136766836,loss,5717
4,140819546,140820633,loss,1088
4,140840499,140840871,loss,373
4,142555453,142556648,loss,1196
4,130250672,130251039,loss,368
4,130968990,130969769,loss,780
4,131458141,131458828,loss,688
4,132043273,132044457,loss,1185
4,132051135,132051789,loss,655
4,132174665,132174786,loss,122
4,132277177,132277486,loss,310
4,132297794,132298181,loss,388
4,132669130,132671710,loss,2581
4,134935630,134935958,loss,329
4,135587242,135590764,loss,3523
4,135661312,135671124,loss,9813
4,136490831,136536065,loss,45235
4,136681524,136758509,loss,76986
4,137085697,137086048,loss,352
4,140827521,140840443,loss,12923
5,5986367,5986659,loss,293
5,6028077,6029469,loss,1393
5,6502041,6502455,loss,415
5,154465433,154465503,loss,71
5,165409250,165413346,loss,4097
5,166049500,166061336,loss,11837
5,169220500,169220596,loss,97
5,171767234,171767886,loss,653
5,5518264,5567477,loss,49214
5,5942875,5986288,loss,43414
5,6502892,6505981,loss,3090
5,6539004,6540634,loss,1631
5,6572093,6572245,loss,153
5,6759907,6760386,loss,480
5,7930588,7931168,loss,581
5,8320810,8321393,loss,584
5,155029326,155052352,loss,23027
5,155093928,155094153,loss,226
5,155109478,155109854,loss,377
5,157972042,157972891,loss,850
5,158094968,158100409,loss,5442
5,158102356,158103236,loss,881
5,158111986,158113248,loss,1263
5,158369732,158371876,loss,2145
5,158766810,158767405,loss,596
5,159554195,159557231,loss,3037
5,159628387,159634312,loss,5926
5,159641238,159646171,loss,4934
5,159848421,159849294,loss,874
5,159886483,159886640,loss,158
5,161171884,161172535,loss,652
5,162120457,162120704,loss,248
5,165418916,165446142,loss,27227
5,167876234,167876312,loss,79
5,168004643,168005016,loss,374
5,168007676,168008497,loss,822
5,168114145,168115583,loss,1439
5,168273072,168274013,loss,942
5,169222617,169240425,loss,17809
5,169686071,169687001,loss,931
5,170142825,170143217,loss,393
5,170405913,170408134,loss,2222
5,171764631,171765033,loss,403
5,175919625,175919787,loss,163
5,180132131,180133137,loss,1007
5,6508759,6527723,loss,18965
5,6543336,6566252,loss,22917
5,8463633,8464907,loss,1275
5,8489525,8495036,loss,5512
5,8523980,8524329,loss,350
5,9668754,9672304,loss,3551
5,9958727,9962003,loss,3277
5,9997086,9999332,loss,2247
5,10601328,10602506,loss,1179
5,11526661,11530937,loss,4277
5,11534248,11534314,loss,67
5,11807320,11814268,loss,6949
5,12026551,12026890,loss,340
5,12745822,12754701,loss,8880
5,16830997,16831190,loss,194
5,127122434,127122625,loss,192
5,153878076,153878305,loss,230
5,154194378,154195785,loss,1408
5,154585152,154585498,loss,347
5,155095670,155109434,loss,13765
5,158101171,158102219,loss,1049
5,158106426,158106946,loss,521
5,160891981,160899367,loss,7387
5,165014018,165055996,loss,41979
5,165456805,165492799,loss,35995
5,170585822,170588200,loss,2379
5,171750100,171764601,loss,14502
5,172317401,172317942,loss,542
5,173262829,173265594,loss,2766
5,173508176,173511004,loss,2829
5,174213706,174214460,loss,755
5,175940876,175945408,loss,4533
5,178180810,178181449,loss,640
5,178634715,178652961,loss,18247
5,180213365,180214737,loss,1373
5,180933469,180934240,loss,772
6,117120127,117120211,loss,85
6,117164983,117165209,loss,227
6,117487868,117488327,loss,460
6,117793842,117795319,loss,1478
6,104254634,104262881,loss,8248
6,104402025,104407649,loss,5625
6,104542942,104608429,loss,65488
6,108106562,108113668,loss,7107
6,114372494,114395102,loss,22609
6,114957489,114961281,loss,3793
6,117120991,117164920,loss,43930
7,6407410,6408901,loss,1492
7,16131935,16132634,loss,700
7,16766676,16768847,loss,2172
7,24000259,24000764,loss,506
7,53250694,53251092,loss,399
7,5607041,5607447,loss,407
7,10910767,10915465,loss,4699
7,11174613,11179359,loss,4747
7,14691076,14691198,loss,123
8,15810714,15811009,loss,296
8,70042441,70042599,loss,159
8,138784739,138784806,loss,68
1,163477654,163496730,gain,19077
1,164190573,164238486,gain,47914
1,164359134,164366996,gain,7863
1,164988886,165011571,gain,22686
1,181608185,181614428,gain,6244
1,186247620,186272606,gain,24987
1,188479092,188479173,gain,82
1,201273691,201277111,gain,3421
1,234854757,234869375,gain,14619
1,165011593,165014356,gain,2764
1,165122048,165134433,gain,12386
1,165151396,165166700,gain,15305
1,175265244,175295129,gain,29886
1,178159449,178173073,gain,13625
1,222320328,222322158,gain,1831
1,225139760,225139910,gain,151
1,227833840,227835767,gain,1928
1,238589211,238612525,gain,23315
1,150687555,150687778,gain,224
1,161970464,161972719,gain,2256
1,162092806,162106142,gain,13337
1,165014760,165067758,gain,52999
1,165077278,165119494,gain,42217
1,165137990,165150174,gain,12185
1,166521900,166558848,gain,36949
1,172910738,172946563,gain,35826
1,180781437,180784347,gain,2911
1,189677783,189687970,gain,10188
1,189849814,189861119,gain,11306
1,192242406,192242712,gain,307
1,192686706,192689843,gain,3138
1,194681301,194686224,gain,4924
1,199125422,199125504,gain,83
1,210524679,210524740,gain,62
1,210810088,210827526,gain,17439
1,211126722,211127051,gain,330
1,217576906,217607130,gain,30225
1,217805623,217818471,gain,12849
1,218151265,218188740,gain,37476
1,218727276,218772487,gain,45212
1,224597331,224602908,gain,5578
1,224982589,224991032,gain,8444
1,225308695,225311020,gain,2326
1,230418166,230424679,gain,6514
1,230500893,230515808,gain,14916
1,230539607,230548526,gain,8920
1,240028354,240042757,gain,14404
1,240194337,240196819,gain,2483
1,241263422,241271168,gain,7747
1,241571821,241580784,gain,8964
1,241641904,241645309,gain,3406
10,34589602,34596120,gain,6519
11,82167381,82169547,gain,2167
11,96205347,96227143,gain,21797
11,96298175,96300728,gain,2554
11,115053256,115097686,gain,44431
12,15014515,15016528,gain,2014
12,27203550,27224008,gain,20459
12,28913688,28938217,gain,24530
12,15047595,15099206,gain,51612
12,17481171,17481423,gain,253
12,57919857,57920062,gain,206
12,57947355,57948969,gain,1615
13,99836768,99840444,gain,3677
13,103985532,104026392,gain,40861
13,106731890,106732362,gain,473
13,106830198,106850960,gain,20763
13,94601132,94601777,gain,646
13,97525197,97525247,gain,51
13,98279530,98286913,gain,7384
13,104028452,104055026,gain,26575
13,104545610,104604884,gain,59275
13,94837460,94838989,gain,1530
13,95383811,95386066,gain,2256
13,96286726,96299282,gain,12557
13,96856199,96858130,gain,1932
13,103640187,103653170,gain,12984
14,25526028,25526704,gain,677
14,25562970,25565490,gain,2521
14,26654208,26663456,gain,9249
14,32572026,32572761,gain,736
15,97592717,97593461,gain,745
15,57788419,57796489,gain,8071
15,100415538,100422970,gain,7433
17,80080303,80080445,gain,143
17,82582967,82583094,gain,128
17,82613819,82614057,gain,239
17,57792917,57796521,gain,3605
17,63015392,63049875,gain,34484
19,4223075,4224031,gain,957
2,7595965,7635670,gain,39706
2,9813820,9835428,gain,21609
2,9863064,9865179,gain,2116
2,12647842,12655474,gain,7633
2,14163304,14182276,gain,18973
2,14836108,14868947,gain,32840
2,14957194,14957353,gain,160
2,15063036,15078028,gain,14993
2,160340357,160360210,gain,19854
2,221606740,221606796,gain,57
2,9784258,9810242,gain,25985
2,14930968,14954468,gain,23501
2,19787607,19787679,gain,73
2,51311298,51313307,gain,2010
2,59416363,59417321,gain,959
3,7283979,7284867,gain,889
3,8559495,8560078,gain,584
3,9270523,9270881,gain,359
3,6982165,6987001,gain,4837
3,6995260,7016995,gain,21736
3,7026955,7040740,gain,13786
3,9271069,9274101,gain,3033
3,16573751,16574490,gain,740
3,17050960,17052942,gain,1983
3,17994379,17994754,gain,376
3,22571303,22582888,gain,11586
3,22842431,22875039,gain,32609
3,23340715,23369643,gain,28929
3,23449390,23464936,gain,15547
3,2170634,2171032,gain,399
3,2308573,2323933,gain,15361
3,6930378,6932340,gain,1963
3,6979030,6981281,gain,2252
3,6991156,6994569,gain,3414
3,7017592,7019205,gain,1614
3,7041147,7045315,gain,4169
3,14794678,14795966,gain,1289
3,23573830,23574991,gain,1162
3,23692750,23692959,gain,210
3,24652620,24654937,gain,2318
3,181889874,181895861,gain,5988
4,32052969,32057178,gain,4210
4,60433225,60483928,gain,50704
4,60486811,60495001,gain,8191
4,59648712,59730382,gain,81671
4,59939298,60014234,gain,74937
4,60485165,60486464,gain,1300
4,124723041,124724803,gain,1763
6,22905124,22905574,gain,451
6,34157777,34179117,gain,21341
6,6605630,6605949,gain,320
6,14013529,14052571,gain,39043
6,18238671,18238736,gain,66
6,19461589,19501625,gain,40037
6,33115121,33115708,gain,588
6,34467385,34469193,gain,1809
6,34732999,34736756,gain,3758
6,143227144,143227440,gain,297
6,8075497,8075606,gain,110
6,10276925,10280293,gain,3369
6,33619545,33619666,gain,122
7,97048354,97092029,gain,43676
9,134881091,134881941,gain,851
9,136694587,136694981,gain,395
